Location,Latitude,Longitude
junk,-999.9999,-999.9999
02OJ007,45.3988,-73.2513
Champlain,45.3076,-73.2438
Bartlett,44.2654,-74.2434
LPlacid,44.3064,-73.9776
UnionFls,44.4985,-73.9190
TaylorPd,44.4902,-73.8516
ChazyLake,44.7652,-73.8024
LGeorge,43.8226,-73.4269
Chitenden,43.7318,-72.9101
Waterbury,44.3903,-72.7608
Wrightvle,44.3234,-72.5687
Greenrvr,44.6313,-72.5273
EBarre,44.1899,-72.4192
Marshfield,44.3656,-72.2857
030424,45.1661,-73.0428
Chambly,-999.9999,-999.9999
junk,-999.9999,-999.9999
junk,999.9999,-999.9999
04271500,44.9988,-73.5015
04271815,44.8991,-73.4180
04273700,44.6407,-73.4846
04273800,44.5992,-73.4842
04274000,44.3147,-73.9106
04275500,44.4575,-73.6345
04276500,44.3659,-73.3929
04280000,43.6243,-73.3014
04280450,43.4658,-73.2846
04282000,43.6071,-73.0092
04282500,44.0065,-73.1597
04282525,44.0660,-73.1680
04282650,44.1984,-73.2432
04282780,44.2490,-73.2264
04282795,44.3660,-73.2095
04283500,44.1578,-72.4344
04284751,44.2493,-72.5428
04285500,44.2995,-72.5760
04286000,44.2651,-72.5844
04287000,44.1828,-72.6428
04288000,44.2744,-72.7428
04288040,44.3245,-72.7342
04289000,44.3743,-72.7678
04290500,44.4820,-73.1345
04292000,44.6238,-72.6693
04292201,44.6493,-72.8263
04292500,44.6817,-73.0686
04293000,44.9743,-72.3844
04293500,44.9571,-72.6928
04294000,44.9154,-73.1261
05AA008,49.6046,-114.4084
05AA022,49.4877,-114.1499
05AA024,49.5543,-113.8250
05AA035,49.7295,-114.0831
05AB021,50.0210,-113.7086
05AC003,50.1377,-113.1169
05AD003,49.1127,-113.8343
05AD005,49.1040,-113.6920
05AD007,49.7126,-112.8669
05AD010,49.2957,-113.7922
05AD028,49.4294,-113.4834
05AD041,49.3541,-113.4832
05AE002,49.2041,-113.2926
05AE006,49.5712,-112.8418
05AG006,49.9204,-111.7917
05AJ001,50.0461,-110.6749
05BA002,51.4294,-116.1751
05BB001,51.1710,-115.5666
05BC001,51.1543,-115.5420
05BG006,51.2870,-114.8422
05BG010,51.2700,-114.9255
05BH004,51.0542,-114.0500
05BH015,51.1283,-114.5675
05BJ001,51.0128,-114.0837
05BJ004,50.9458,-114.5753
05BJ010,50.9958,-114.1666
05BL004,50.5956,-113.8748
05BL012,50.7212,-113.9751
05BL014,50.6876,-114.2418
05BL022,50.2793,-114.5920
05BL024,50.7874,-113.8166
05BN012,50.0460,-111.5921
05CA009,51.6459,-115.0170
05CB001,52.0291,-114.1418
05CB004,52.0876,-114.4754
05CB007,52.0541,-114.2089
05CC001,52.3542,-113.7919
05CC002,52.2794,-113.8083
05CC007,52.3208,-114.3423
05CE001,51.4714,-112.7084
05CK004,50.9127,-110.2999
05DA009,52.0039,-116.4672
05DB002,52.2789,-114.9253
05DB006,52.2541,-114.8586
05DC001,52.3793,-114.9336
05DC006,52.3710,-115.4169
05DD009,52.8204,-115.5169
05DF001,53.5373,-113.4835
05EA005,53.6622,-113.7587
05EF001,53.5292,-109.6170
05FA001,52.6621,-113.5836
05FA011,52.9536,-112.9588
05FE004,52.8536,-110.0172
05GG001,53.2039,-105.7667
05HD036,49.8454,-108.4759
05HD039,50.4960,-107.6589
05HG001,52.1374,-106.6423
05JE006,50.3955,-105.4004
05JF001,50.6538,-104.8668
05JF005,50.6373,-104.9004
05JK007,50.7868,-104.2835
05JM001,50.4954,-101.5588
05KD003,53.7042,-103.3004
05KE010,53.8625,-104.6177
05KH007,53.6202,-102.1003
05KJ001,53.8369,-101.2085
05LC001,52.8623,-102.1918
05LH005,51.8537,-99.5421
05LJ025,51.4539,-99.9671
05LL002,50.1288,-98.5839
05LL014,49.9041,-99.2086
05LM001,51.5875,-98.7088
05LM006,51.9950,-98.3170
05MD004,51.5624,-101.9172
05MD005,50.9622,-101.3177
05MF001,50.3624,-99.9092
05MH001,49.8621,-99.9591
05MH005,49.6955,-98.8844
05MJ001,49.8705,-97.4009
05NA003,49.0039,-103.3506
05NB001,49.1037,-103.0089
05NB021,49.0373,-102.8421
05NB036,49.1536,-103.0840
05ND010,49.5288,-102.1756
05NG001,49.5954,-99.6753
05NG024,49.8454,-101.4005
05OB007,49.0285,-98.2755
05OB016,49.0206,-98.6006
05OB021,48.9957,-98.4503
05OC001,49.0039,-97.2175
05OC012,49.5619,-97.1759
05OG001,49.6791,-97.4255
05PA006,48.3792,-92.1670
05PB014,48.8453,-92.7173
05PB018,48.7539,-91.5841
05PG001,50.0371,-95.5090
05PH003,49.9371,-95.9507
05QA004,50.1701,-91.5418
05QC001,50.8789,-93.4837
05QD006,49.9624,-93.4012
05QE008,50.5125,-93.2592
05QE009,50.3542,-94.4671
05QE012,50.6873,-93.9755
05RA001,51.1038,-96.2832
05RB003,51.7037,-96.6086
05RC001,51.8122,-93.5175
05TD001,55.7373,-97.0005
05TE002,55.4957,-99.2176
05TF002,55.9290,-98.8839
05TG001,55.7455,-97.8923
05TG002,55.4871,-98.1925
05TG003,55.9957,-97.3594
05TG006,55.9122,-98.4839
05UF004,56.3369,-94.6920
05UG001,56.5120,-94.2172
05UH001,56.6788,-93.6337
05UH002,57.0203,-93.4511
BigHorn,52.3126,-116.3251
Brazeau,52.9710,-115.5753
Ghost,51.2204,-114.7003
Dickson,52.0544,-114.2083
Oldman,49.5710,-113.9000
Gardiner,51.2796,-106.8666
LastMntn,51.3961,-105.2167
Campbell,53.6629,-103.3999
Deschamblt,54.8545,-103.1499
Amisk,54.4462,-102.1667
Cumberland,53.9712,-102.3749
LOTPrairie,50.9713,-101.4082
Athapapskw,54.5544,-101.4583
Winnipgsis,51.8963,-99.6417
Swan,52.6379,-100.7499
Cedar,53.1542,-99.3333
Cormorant,54.2291,-100.6085
Moose,53.6958,-100.2751
Bruntwood,55.3962,-100.1252
Dauphin,51.4460,-99.9502
Waterhen,51.9296,-99.5498
LManitoba,51.5875,-98.7252
LWinnipeg,53.7131,-97.8667
Setting,55.1961,-98.3917
StMartin,51.8293,-98.3085
Cross,54.7458,-97.8751
Sipiwesk,55.2213,-97.2749
Split,56.2712,-95.8335
Family,51.8544,-95.5590
RoughrockL,50.1204,-94.8677
LOTWoods,49.7713,-94.5168
Stephens,56.3792,-94.6335
Umfreville,50.2544,-94.9749
Trout,51.1374,-93.2421
Eagle,49.7462,-93.1837
Rainy,48.6125,-93.3586
Seul,50.6293,-93.1760
Namakan,48.4960,-92.6750
Sturgeon,50.0873,-90.8172
WnnpgOutlt,54.5294,-98.0164
Red,47.9544,-95.2672
Pelican,52.5708,-100.3087
RedDeer,52.8959,-101.2001
Namew,54.0876,-102.0170
Clearwater,54.1457,-100.9170
Reed,54.6625,-100.2667
Wekuskoo,54.8956,-99.6752
Candle,53.7709,-105.1667
Dog,51.1126,-98.5417
Talbot,54.1368,-99.8084
Basswood,48.1041,-91.6418
Waterton,49.3209,-113.6751
laCroix,48.3707,-92.1593
StMary,49.3629,-113.1169
junk,-999.9999,-999.9999
05AD021,49.2540,-113.2590
05AD027,49.2710,-113.5600
05AE026,-999.0000,-999.0000
05JG006,50.9793,-106.4010
05LL019,50.0459,-98.3334
06EC002,55.8538,-99.3258
junk,-999.9999,-999.9999
junk,-999.9999,-999.9999
05017500,48.8376,-113.4175
05020500,49.0123,-113.3004
05030500,46.3710,-96.0173
05046000,46.2125,-96.1839
05046475,46.2704,-96.5840
05050000,45.8623,-96.5673
05051300,46.1540,-96.5760
05051500,46.2709,-96.5924
05051522,46.6625,-96.7925
05051600,46.0206,-97.5093
05052000,46.1707,-97.0095
05052500,46.3124,-96.7256
05053000,46.4706,-96.7842
05054000,46.8625,-96.7759
05054500,47.7041,-99.9423
05055300,47.9040,-99.4174
05055400,47.8209,-99.2757
05056000,47.8042,-98.7173
05057000,47.4289,-98.0259
05057200,47.2291,-98.1259
05058000,47.0289,-98.0842
05058500,46.9208,-98.0087
05058700,46.4457,-97.6845
05059000,46.6290,-97.0010
05059500,46.8873,-96.9093
05059700,46.6208,-97.5758
05059715,46.6872,-97.4679
05060000,46.8624,-97.1012
05060100,46.9038,-97.0510
05060500,47.0122,-97.2096
05061000,46.8456,-96.3258
05061500,46.7795,-96.6260
05062000,46.9625,-96.6592
05062500,47.2708,-96.2508
05063398,47.1125,-96.3838
05064000,47.2706,-96.7927
05064500,47.3540,-96.8422
05065500,47.5456,-97.4507
05066500,47.4123,-97.0594
05067500,47.4125,-96.7677
05069000,47.6125,-96.8088
05070000,47.7622,-96.9343
05074500,47.9623,-95.2760
05075000,48.0459,-95.8089
05076000,48.1873,-96.1675
05078000,47.9209,-96.0423
05078230,47.8457,-95.8591
05078500,47.8791,-96.2590
05079000,47.7706,-96.6092
05080000,47.8036,-96.8093
05082500,47.9290,-97.0257
05082625,47.9374,-97.5090
05084000,48.1959,-97.7256
05085000,48.2874,-97.3672
05085450,48.2124,-96.7174
05087500,48.3375,-96.8175
05090000,48.4291,-97.4090
05092000,48.5709,-97.1423
05094000,48.7373,-96.6591
05099400,48.8623,-98.0009
05099600,48.9127,-97.9088
05100000,48.9875,-97.5506
05101000,48.7791,-97.7425
05104500,48.7954,-95.7343
05106000,48.9959,-95.6592
05107500,48.9124,-95.9175
05112000,48.9791,-96.4596
05113600,48.9794,-103.0756
05114000,48.9954,-101.9589
05116000,48.3790,-101.5009
05116500,48.3710,-101.5674
05120000,48.1622,-100.7343
05120500,48.1372,-100.5432
05122000,48.5042,-100.4424
05123400,48.5869,-100.4430
05123510,48.5868,-100.8601
05124000,48.9955,-100.9595
05124480,47.9204,-91.5346
05125000,47.8373,-91.6926
05126210,47.8457,-91.8009
05127500,48.0790,-91.6511
05129115,48.2624,-92.5675
05129290,48.4706,-93.0263
05129515,48.5953,-93.4424
05131500,48.3955,-93.5427
05132000,48.1960,-93.8096
05133500,48.6374,-93.9090
05134200,48.5377,-94.5595
junk,-999.9999,-999.9999
08NA002,-116.9112,51.2481
08NA006,-116.9613,51.2984
08NA011,-116.4114,50.9075
08NB005,-117.1853,51.4903
08NB012,-116.9701,51.4813
08NB014,-117.7204,51.6812
08NB019,-117.4693,51.5072
08NC004,-119.3863,52.7316
08ND012,-118.5859,51.6737
08ND013,-118.0778,51.0149
08NE039,-117.9453,49.0135
08NE049,-117.7211,49.1642
08NE074,117.2951,49.0485
08NE077,118.1274,49.9146
08NE110,-118.1857,49.8973
08NF001,-116.0444,50.8898
08NG002,-115.3614,49.4982
08NG065,-115.6356,49.6144
08NG076,-115.9195,49.7136
08NG077,-116.4351,49.7404
08NH005,-116.9447,49.9065
08NH007,-116.9695,50.2647
08NH118,-116.9524,50.2385
08NH119,-117.0444,50.6397
08NH139,-116.0032,49.3983
08NJ013,-117.5695,49.4648
08NJ160,-117.4358,49.6979
08NK002,-115.0695,49.5069
08NL004,-119.9939,49.2061
08NL007,-120.5111,49.4571
08NL024,-120.5194,49.4645
08NL038,-120.1523,49.3817
08NL039,120.3361,49.6812
08NL050,-120.0696,49.3649
08NL069,-120.5692,49.0985
08NL070,-120.6771,49.0975
08NL071,-120.9774,49.4647
08NM002,-119.5771,49.3487
08NM037,-119.7452,49.4317
08NM050,-119.6109,49.4987
08NM065,119.2701,50.2317
08NM085,119.5613,49.1154
08NM116,-119.4107,49.8811
08NM171,-119.3193,49.2481
08NM174,-119.5352,50.2147
08NM200,-119.5028,49.0813
08NM247,-119.5282,49.2565
08NN002,-118.4361,49.0402
08NN003,-118.9778,49.1812
08NN015,-119.0865,49.7145
08NN019,-119.0439,49.5734
08NN023,-118.3114,49.5891
08NN026,-118.9271,49.2315
Mica,-118.5609,52.0821
Rvlstoke,-118.1943,51.0472
HghKeenley,-117.7688,49.3385
Duncan,-116.9437,50.2567
CorraLinn,-117.4667,49.4667
SevenMile,-117.5025,49.0304
GrdCoulee,-118.9817,47.9558
LakeChelan,-120.0120,47.8345
junk,-999.9999,-999.9999
junk,-999.9999,-999.9999
junk,-999.9999,-999.9999
junk,-999.9999,-999.9999
12321500,-116.5696,48.9967
12301250,-115.0525,48.8823
12301933,-115.3194,48.3981
12302055,-115.3111,48.3562
12304500,-115.9622,48.5648
12305000,-116.0452,48.6143
12306500,-116.1784,48.9985
12308500,-116.2444,48.7073
12309500,-116.3439,48.6985
12314000,-116.3788,48.8067
12318500,-116.4362,48.9064
12322000,-116.5116,48.9991
12323233,-112.5108,45.9892
12323242,-112.5357,45.9974
12323250,-112.5601,45.9984
12323600,-112.8035,46.1057
12323670,-112.9275,46.0814
12323750,-112.7778,46.1734
12323760,-112.9025,46.1314
12323770,-112.8701,46.1483
12323800,-112.7693,46.2069
12324590,-112.7783,46.5232
12324680,-112.9296,46.5907
12325000,-113.2782,46.2156
12325500,-113.2955,46.2322
12329500,-113.2379,46.4665
12330000,-113.2286,46.4652
12331500,-113.1531,46.6317
12331800,-113.3199,46.7146
12332000,-113.5025,46.1899
12334510,-113.6695,46.7157
12334550,-113.8169,46.8321
12335100,-113.0205,46.9148
12335500,-112.7611,46.7809
12338300,-113.0939,46.9816
12340000,-113.7613,46.8979
12340500,-113.9278,46.8812
12342500,-114.2776,45.7238
12344000,-114.1449,45.9806
12350250,-114.1276,46.4483
12352500,-114.0618,46.8405
12353000,-114.1186,46.8741
12354000,-115.1363,47.2982
12354500,-115.0855,47.3058
12355500,-114.1178,48.4909
12358500,-114.0123,48.4988
12359800,-113.5625,47.9746
12362000,-114.0032,48.3408
12362500,-114.0353,48.3574
12363000,-114.1848,48.3646
12365700,-114.3111,48.2227
12366000,-114.2778,48.3227
12366500,-114.2356,48.1557
12370000,-113.9778,48.0234
12371550,-114.1688,47.6988
12372000,-114.2359,47.6814
12381400,-113.8511,47.1982
12388700,-114.5944,47.3654
12389000,-114.8614,47.4398
12389500,-115.2269,47.5911
12391950,-116.0718,48.0897
12392155,-116.1778,48.1492
12392300,-116.4921,48.4235
12393000,-116.8781,48.5078
12395000,-116.9113,48.2151
12395500,-117.0189,48.1823
12395950,-117.2871,48.3406
12396455,-117.4024,48.7399
12396500,-117.4132,48.7829
12399500,-117.6276,49.0069
12401500,-118.7631,48.9819
12404500,-118.2035,48.9902
12404900,-118.1445,48.7903
12409000,-118.0523,48.5984
12411000,-115.9863,47.7237
12413000,-116.2539,47.5731
12413210,-116.0938,47.5328
12413355,-116.2175,47.5487
12413470,-116.2357,47.5563
12413500,-116.3191,47.5568
12413860,-116.7285,47.4898
12413875,-115.3439,47.0564
12414500,-116.1862,47.2739
12414900,-116.4695,47.1738
12415070,-116.5617,47.3319
12415135,-116.6684,47.3572
12415500,-116.7871,47.6662
12417650,-116.8118,47.6985
12419000,-116.9781,47.7069
12422000,-117.3551,47.6817
12422500,-117.4344,47.6652
12422990,-117.0451,47.2064
12424000,-117.4531,47.6573
12426000,-117.5447,47.7816
12431000,-117.4034,47.7905
12431500,-117.4925,47.7814
12433200,-117.8527,47.8644
12434590,-118.6856,48.0898
12436000,-118.9772,47.9565
12438905,-119.4205,48.9726
12439000,-119.4276,48.9559
12439500,-119.4196,48.9315
12442500,-119.6204,48.9904
12444290,-119.4025,48.7651
12444550,-119.4366,48.7065
12445000,-119.4608,48.6321
12446995,-119.6194,48.4149
12447200,-119.7114,48.2812
12447285,-119.7024,48.2982
12447383,-120.3942,48.5812
12448000,-120.1857,48.4901
12448500,-120.1774,48.4731
12448998,-120.1426,48.3727
12449500,-120.1112,48.3655
12449950,-119.9947,48.0812
12451000,-120.6952,48.3318
12452000,-120.0442,47.8402
12452500,-120.0033,47.8394
12452800,-120.4196,47.8227
12452990,-120.2467,47.6647
12456500,-120.6624,47.8481
12457000,-120.6609,47.7656
12458000,-120.7204,47.5493
12459000,-120.6198,47.5909
12462500,-120.4278,47.4984
12464800,-118.3121,47.4161
12465000,-118.8448,47.3573
12467000,-119.2619,47.1894
12472600,-119.8261,46.8314
12472800,-119.8635,46.6319
12484500,-120.4779,46.8642
12488500,-121.1697,46.9812
12500450,-120.4618,46.5393
12502500,-120.4699,46.5395
12506000,-120.7867,46.3152
12508990,-119.9955,46.2401
12510500,-119.4781,46.2573
12513000,-118.8619,46.6656
13010065,-110.6776,44.0973
13011000,-110.5942,43.8558
13011500,-110.5109,43.8559
13011900,-110.4362,43.8307
13012475,-110.3192,43.7571
13014300,-110.3116,43.5812
13014500,-110.6189,43.6228
13015000,-110.7619,43.5567
13018350,-110.7942,43.4551
13018750,-110.7362,43.3718
13022500,-110.8946,43.1983
13023000,-110.9782,43.1485
13025500,-111.0109,42.6737
13027500,-111.0367,43.0809
13032500,-111.2107,43.3478
13037500,-111.6615,43.6224
13038500,-111.8779,43.7295
13039000,-111.3529,44.5976
13039500,-111.3443,44.5893
13042500,-111.3947,44.4148
13046000,-111.5028,44.0735
13046995,-111.1528,44.0645
13047500,-111.2369,44.0733
13047600,-111.3611,44.0555
13049500,-111.5688,44.0232
13050500,-111.6781,43.9647
13052200,-111.2026,43.7893
13056500,-111.9104,43.8233
13057155,-112.0528,43.6059
13057500,-111.4942,43.1392
13057940,-111.7278,43.4489
13058000,-111.7438,43.5889
13060000,-112.1364,43.4146
13062500,-112.3693,43.1984
13063000,-111.5029,42.8149
13065500,-111.7278,42.9974
13066000,-112.0590,43.2557
13069500,-112.5195,43.1235
13073000,-112.0854,42.6228
13075000,-112.2279,42.6313
13075500,-112.4697,42.8732
13075910,-112.5441,42.9464
13077000,-112.8776,42.7728
13078000,-113.4598,42.0645
13079901,-113.2362,42.5889
13087900,-113.9946,42.5315
13090500,-114.4759,42.6055
13092747,-114.4933,42.5649
13093383,-114.6266,42.6556
13093384,-114.6449,42.6565
13093397,-114.6617,42.6636
13093670,-114.6775,42.6644
13094000,-114.7098,42.6723
13106500,-114.7347,42.2143
13108150,-114.8621,42.6912
13135500,-114.4279,43.7903
13135520,-114.4195,43.7985
13137000,-114.3782,43.6905
13137300,-114.3197,43.7231
13137500,-114.3624,43.6824
13138000,-114.3267,43.6063
13139510,-114.3192,43.5239
13140335,-114.2684,43.4656
13140800,-114.3031,43.3318
13141500,-114.5447,43.3399
13142500,-114.3531,43.2481
13147900,-114.0528,43.4989
13148500,-113.9938,43.3903
13150430,-114.1104,43.3227
13152500,-114.8032,42.8905
13159800,-115.6946,43.2656
13161500,-115.6777,41.9315
13168500,-115.7119,42.7829
13174000,-115.8614,41.6974
13174500,-115.8614,41.6974
13175100,-115.9862,41.8649
13181000,-117.6441,42.8641
13183000,-117.2541,43.6661
13185000,-115.7271,43.6651
13186000,-115.3107,43.4992
13190500,-115.4694,43.3481
13200000,-115.9865,43.6486
13201500,-116.0439,43.5317
13206000,-116.2693,43.6575
13206305,-116.3519,43.6814
13210810,-116.5779,43.6813
13210824,-116.6193,43.7228
13213000,-116.9773,43.7894
13233300,-117.2185,43.9902
13235000,-115.6288,44.0829
13237920,-115.9855,44.1064
13238500,-116.1108,44.9149
13239000,-116.1108,44.9149
13240000,-115.9706,44.9147
13246000,-116.1036,44.1147
13247500,-116.1946,43.9485
13249500,-116.4347,43.9316
13250000,-116.6204,43.8979
13251000,-116.9099,44.0401
13258500,-116.6444,44.5815
13265500,-116.7768,44.2982
13266000,-116.7783,44.2817
13295000,-114.9366,44.2239
13296500,-114.7281,44.2733
13297355,-114.4695,44.2984
13302005,-114.0464,44.6913
13302500,-113.8943,45.1819
13305310,-113.7869,45.1319
13306370,-114.2442,45.0903
13306385,-114.1365,45.1983
13307000,-114.4366,45.3233
13309220,-114.9926,44.7315
13310199,-114.6031,45.2889
13310700,-115.7275,44.9815
13313000,-115.4945,44.9569
13316500,-116.3113,45.4153
13317000,-116.3195,45.7558
13331500,-117.7275,45.6155
13333000,-117.4458,45.9479
13334450,-117.2863,46.2811
13335050,-117.0608,46.3402
13336500,-115.5028,46.0899
13337000,-115.5945,46.1481
13337500,-115.5187,45.8314
13338500,-115.9777,46.0994
13338950,-116.0519,46.2148
13339500,-116.1613,46.3739
13340000,-116.2525,46.4819
13340600,-115.6282,46.8471
13341050,-116.3866,46.5064
13341140,-116.4202,46.4729
13341570,-116.7614,46.4981
13342450,-116.8033,46.4245
13342500,-116.8273,46.4479
13344500,-118.0609,46.5066
13345000,-116.9442,46.9233
13348000,-117.1779,46.7313
13351000,-118.1283,46.7644
14013000,-118.1104,46.0071
14013700,-118.2262,46.0897
14015000,-118.2613,46.0817
14018500,-118.7279,46.0315
14020000,-118.3189,45.7231
14020300,-118.3616,45.6894
14020850,-118.7353,45.6734
14033500,-119.3289,45.9062
14034470,-119.5113,45.3402
14034490,-119.5443,45.3488
14034500,-119.5443,45.3488
14034608,-119.5609,45.3655
14036860,-118.5782,44.3647
14038530,-118.9036,44.4231
14043840,-118.7854,44.6912
14044000,-119.1362,44.8898
14046000,-119.4269,44.8156
14046500,-119.9946,44.7988
14046778,-120.3026,44.7221
14046890,-129.4347,44.9151
14048000,-120.4038,45.5819
14076500,-121.3204,44.4983
14087380,-121.2277,44.4241
14087400,-121.2939,44.4979
14087520,-121.2711,44.5656
14091500,-121.4877,44.6326
14092050,-121.2776,44.5977
14092500,-121.2451,44.7237
14093000,-121.2369,44.7656
14097100,-121.1524,44.8572
14101500,-121.0947,45.2396
14103000,-120.9042,45.6149
14105700,-121.1862,45.6149
14107000,-121.2439,46.2657
14111400,-121.1027,45.9635
14113000,-121.2104,45.7554
14113200,-121.3781,45.6695
14120000,-121.5543,45.6553
14123500,-121.5288,45.7569
14128600,-121.8686,45.6986
14128870,-121.9698,45.6314
14137000,-122.1368,45.3992
14138850,-122.0116,45.4993
14139000,-122.0768,45.4897
14139900,-122.1447,45.4489
14140000,-122.1784,45.4386
14142500,-122.2446,45.4492
14144700,-122.6696,45.6236
14149000,-122.7605,43.9154
14149010,-122.7605,43.9154
14149510,-122.8109,43.9322
14150000,-122.8435,43.9478
14150290,-122.6273,43.9642
14150800,-122.6847,43.9146
14150900,-122.7524,43.9481
14151000,-122.7683,43.9478
14152000,-122.9035,43.9991
14157500,-122.9617,43.9824
14158050,-123.0706,44.0573
14158500,-121.9948,44.3663
14158740,-122.0381,44.2903
14158850,-122.0449,44.2746
14159110,-122.2377,44.1727
14161100,-122.2615,44.2228
14162500,-122.4803,44.1326
14163000,-122.5364,44.1486
14163150,-122.6266,44.1226
14163900,-122.7768,44.0736
14164900,-122.9622,44.0747
14165000,-122.9534,44.0973
14165500,-123.0364,44.1074
14166000,-123.1788,44.2658
14166500,-123.4292,44.0559
14168000,-123.2953,44.1244
14169000,-123.2953,44.1262
14170000,-123.2861,44.3151
14171000,-123.3344,44.5307
14171600,-123.2534,44.5669
14174000,-123.1039,44.6397
14178000,-122.0933,44.7073
14179000,-122.1283,44.7571
14180500,-122.2459,44.7243
14180510,-122.2459,44.7243
14181400,-122.2782,44.7493
14181410,-122.2782,44.7493
14181500,-122.2931,44.7567
14181900,-122.3525,44.8407
14182500,-122.5769,44.7992
14183000,-122.6184,44.7904
14184100,-122.9717,44.7073
14185000,-122.4933,44.3977
14185800,-122.3796,44.5153
14185900,-122.4361,44.5407
14186100,-122.5541,44.4489
14186110,-122.5541,44.4489
14186200,-122.5541,44.4489
14186600,-122.6529,44.4218
14186610,-122.6538,44.4248
14187000,-122.6188,44.3737
14187200,-122.6835,44.4161
14187500,-122.8108,44.4908
14188800,-122.7684,44.7138
14189000,-123.0123,44.7165
14190500,-123.2288,44.7904
14191000,-123.0447,44.9495
14194150,-123.1614,45.1987
14197900,-122.9629,45.2914
14200000,-122.6861,45.2481
14200700,-122.7876,45.0326
14201340,-122.8029,45.1489
14202000,-122.7451,45.2324
14203500,-123.1203,45.4897
14207500,-122.6765,45.3579
14207740,-122.6463,45.3413
14207770,-122.6349,45.3491
14208700,-121.8129,45.1152
14209000,-121.9366,45.0741
14209250,-122.0433,45.0824
14209500,-122.0704,45.1235
14210000,-122.3451,45.2989
14211010,-122.5776,45.3824
14211720,-122.6699,45.5231
14216000,-121.9773,46.0644
14216500,-122.0027,46.0819
14219000,-122.3114,45.9398
14220500,-122.5671,45.9564
14222500,-122.4775,45.8397
14226500,-121.6768,46.6154
14231000,-121.9514,46.5397
14231900,-121.8271,46.4477
14233500,-122.0944,46.4751
14236200,-122.4604,46.5996
14238000,-122.6112,46.5161
14240525,-122.5523,46.3634
14242580,-122.8439,46.3405
14243000,-122.9109,46.2736
14246900,-123.1869,46.1822
junk,-999.9999,-999.9999
04AA004,54.9575,-95.6000
04AB001,56.5800,-92.4900
04AD002,56.4457,-92.0907
04CA002,53.5800,-91.4800
04CB001,52.9638,-91.6341
04DA001,52.9377,-90.0898
04DB001,53.9405,-88.0847
04DC001,54.9332,-87.0796
04DC002,54.4700,-85.5500
04EA001,54.0800,-84.9700
04FA001,51.9518,-89.0786
04FA003,52.4322,-89.0843
04FB001,52.4415,-87.0787
04FC001,53.4677,-85.0856
04GD001,51.9082,-86.1443
04HA001,51.5700,-83.9700
04HA002,52.0600,-82.9700
04JF001,50.9240,-86.5819
04JG001,50.4482,-84.0579
04LA002,48.4373,-81.6053
04LG004,50.9800,-81.5400
04LJ001,49.4461,-83.0852
04LM001,50.4405,-82.1329
04ME003,50.4800,-81.0600
05OJ005,50.4800,-96.5200
05UG001,56.9800,-94.5400
05UH001,56.5600,-93.5400
06EB004,56.4800,-100.0600
06FD001,58.0800,-94.9800
06FD002,57.9700,-94.0600
06GD001,58.9700,-96.6300
06HB002,60.9400,-99.1300
06JB001,63.4666,-105.1353
06JC002,64.4475,-101.5692
06KC003,64.4510,-99.6123
06LC001,63.9800,-95.5600
06MA006,64.9700,-97.0600
06OA007,65.9800,-90.5500
Hudson,62.9700,-78.0500
winnip,53.4900,-98.0200
nelout,56.4700,-95.5600
saskat,53.4700,-100.1100
manit,51.4600,-98.6000
woods,50.4400,-95.6000
upRchurc,55.4700,-104.5200
dochurc1,55.9600,-100.5600
dochurc2,57.4500,-98.0700
Grande2,53.9500,-77.0300
Grande3,53.9800,-75.0800
Grande4,53.9600,-73.1200
Forge1,54.4500,-72.5700
Rupert,51.4500,-75.0600
EOL,52.4200,-76.5200
East1,52.4300,-75.5900
AB002,49.9800,-76.0300
ED001,55.4600,-76.0100
FA003,57.0000,-74.0300
CA002,53.4800,-91.5100
GD001,58.9600,-97.0500
HB002,60.9400,-99.1300
Fox,64.4600,-79.0500
Hudstr,60.9700,-64.5900
MA006,64.9700,-97.0600
LC001,62.9760,-97.5350
080718,50.0800,-76.4700
080707,49.5700,-76.9900
080809,51.0200,-76.0200
081101,51.9231,-77.6183
093801,55.5200,-76.5300
095003,56.9800,-74.0300
103605,57.9700,-69.5400
103702,57.4700,-69.0300
104001,57.9600,-67.5500
080101,48.4494,-78.0823
06EC002,56.4600,-99.0600
irrig01,-999.9999,-999.9999
Eastmain,52.9212,-76.5385
Rupert,52.4620,-75.5910
From_chu,57.4355,-97.0175
junk,-999.9999,-999.9999
junk,-999.9999,-999.9999
junk,-999.9999,-999.9999
05AA004,49.4952,-113.9549
05AA008,49.6121,-114.4136
05AA011,49.4620,-114.1301
05AA022,49.5037,-114.1636
05AA024,49.5621,-113.8213
05AA027,49.8370,-114.4298
05AA028,49.4037,-114.3384
05AA035,49.7289,-114.0795
05AB005,49.9873,-113.6960
05AB021,50.0289,-113.7133
05AB029,49.9623,-113.6715
05AB041,50.1369,-113.8629
05AC003,50.1454,-113.1210
05AC012,50.1786,-112.7220
05AC023,49.9123,-112.5050
05AC030,50.4789,-112.9127
05AC031,50.2619,-113.5552
05AD003,49.1120,-113.8472
05AD005,49.1031,-113.6969
05AD007,49.7120,-112.8712
05AD010,49.3036,-113.7967
05AD028,49.4368,-113.4968
05AD035,49.5705,-112.9545
05AD041,49.3538,-113.4971
05AE002,49.2036,-113.3047
05AE005,49.1289,-113.1378
05AE006,49.5786,-112.8470
05AE016,49.5703,-112.8209
05AE027,49.0120,-113.3130
05AE043,49.0958,-113.2216
05AG003,49.9871,-112.0883
05AG006,49.9206,-111.8045
05AH005,50.0290,-110.6794
05AH037,49.8874,-110.5126
05AH041,49.5871,-110.9462
05AH052,50.0123,-110.5210
05AH053,49.9207,-110.6460
05AJ001,50.0539,-110.6713
05BA001,51.4455,-116.1963
05BA002,51.4456,-116.1718
05BB001,51.1789,-115.5710
05BC001,51.1623,-115.5465
05BG006,51.2956,-114.8548
05BG010,51.2783,-114.9211
05BH004,51.0622,-114.0547
05BH005,51.1788,-114.4712
05BH014,51.3203,-114.0298
05BH015,51.1289,-114.5630
05BH016,51.1954,-114.1466
05BJ001,51.0206,-114.0883
05BJ004,50.9540,-114.5714
05BJ010,51.0039,-114.1547
05BK001,50.8955,-114.3297
05BL004,50.6037,-113.8712
05BL007,50.4370,-114.1629
05BL012,50.7289,-113.9715
05BL013,50.7786,-114.2879
05BL014,50.6871,-114.2473
05BL019,50.4119,-114.5051
05BL022,50.2872,-114.5966
05BL023,50.4787,-114.2132
05BL024,50.7872,-113.8298
05BL027,50.4870,-114.4380
05BM002,50.8290,-113.4547
05BM004,50.7539,-112.5461
05BM007,51.0039,-112.8462
05BM008,50.8372,-112.7633
05BM014,50.7705,-113.2379
05BN002,50.1622,-111.6629
05BN006,50.2206,-112.1047
05BN012,50.0538,-111.5876
05CA002,51.9372,-114.6877
05CA004,51.6623,-115.3959
05CA009,51.6622,-114.9958
05CA011,51.8040,-114.6626
05CA012,51.7373,-114.6459
05CB001,52.0373,-114.1461
05CB002,51.5123,-114.6878
05CB004,52.0956,-114.4628
05CB007,52.0623,-114.2129
05CC001,52.3623,-113.7879
05CC002,52.2790,-113.8210
05CC007,52.3290,-114.3377
05CC008,52.7623,-114.2794
05CC009,52.7456,-114.1462
05CC011,52.2707,-113.8043
05CC013,52.3707,-114.4459
05CD006,52.3451,-113.3712
05CD007,52.4123,-113.1960
05CE001,51.4706,-112.7043
05CE002,51.4874,-112.8626
05CE005,51.3040,-113.0125
05CE006,51.4207,-113.7211
05CE007,51.5707,-113.0710
05CE012,51.9040,-113.2376
05CE018,52.0040,-113.5711
05CE020,51.4790,-112.7045
05CG004,51.6623,-112.1045
05CG006,51.3956,-112.2044
05CH007,50.8624,-111.5962
05CH008,51.4206,-111.4961
05CH011,51.2456,-111.6295
05CJ006,50.7374,-111.7044
05CJ012,50.8288,-111.8296
05CK001,50.9623,-111.0543
05CK004,50.9124,-110.2960
05CK005,50.8957,-110.5128
05CK006,51.1040,-110.2628
junk,-999.9999,-999.9999
junk,-999.9999,-999.9999
To_nel,-999.9999,-999.9999
junk,-999.9999,-999.9999
junk,-999.9999,-999.9999
junk,-999.9999,-999.9999
junk,-999.9999,-999.9999
02XA003,52.2248,-61.3027
02YC001,50.6078,-57.1521
02YJ001,48.5751,-58.3684
02YK002,48.6246,-57.9346
02YK005,49.3412,-56.6589
02YL001,49.2497,-57.3519
02YL003,48.9909,-57.7526
02YL008,49.6249,-57.2936
02ZB001,47.6082,-59.0100
GStLawrnce,46.4765,-59.3421
Manicouagan,50.6598,-68.7257
GrandLake,49.2013,-57.2586
Pipmuacan,49.3597,-69.7588
Outardes,49.7094,-68.9008
Fleche,49.7560,-68.6040
Pletipi,51.8253,-70.0849
Romaine4,51.3763,-63.5008
Romaine3,51.1179,-63.4012
Romaine2,50.6346,-63.1671
Romaine1,50.3931,-63.2422
PetitMncgn,51.8324,-67.7935
Magpie,50.7245,-64.5934
Brule,52.1501,-63.7017
Musquaro,50.4664,-61.1265
Manicougn2,49.3249,-68.3426
DenisPerrn,50.7998,-66.7851
010802,48.1915,-65.5513
010902,48.2332,-65.7354
011003,48.6333,-66.1684
011204,48.1584,-66.3511
011508,48.4912,-67.4433
011509,48.1085,-67.1273
020404,48.8077,-64.9201
020602,48.9748,-64.7013
021407,49.0407,-66.4688
021601,48.7743,-67.5346
021702,48.7664,-67.6606
022003,48.4173,-68.5517
022301,48.0915,-69.1933
070204,48.3832,-69.5023
071203,49.3249,-68.1516
071401,49.3331,-67.6538
072301,50.3499,-66.1943
073503,50.6831,-64.5688
074903,50.4329,-61.7022
075705,50.6833,-59.6017
076601,51.7583,-57.5941
junk,-999.9999,-999.9999
junk,-999.9999,-999.9999
junk,-999.9999,-999.9999
junk,-999.9999,-999.9999
07AA001,52.8648,-118.1054
07AA002,52.9151,-118.0550
07AC001,53.5321,-117.9464
07AC007,54.0142,-116.9624
07AD002,53.4143,-117.5877
07AF002,53.4730,-116.6297
07AF013,53.0809,-117.1959
07AG003,53.6064,-116.2713
07AG004,54.0151,-115.8378
07AG007,53.6898,-116.1626
07AG008,54.0314,-115.8376
07AH001,54.3652,-114.9042
07AH002,54.2314,-115.3376
07AH003,54.2072,-115.7799
07BA001,53.1314,-115.3214
07BB002,53.6062,-115.0045
07BB004,53.8985,-115.0541
07BB005,53.9567,-115.0211
07BB006,54.1149,-114.3959
07BB011,53.8571,-115.3642
07BC002,54.4479,-113.9960
07BC007,54.2150,-113.9121
07BE001,54.7229,-113.2877
07BF001,55.4222,-116.3376
07BF002,55.4478,-116.4963
07BF010,55.8151,-116.3869
07BF905,55.5812,-116.2958
07BH003,55.3481,-115.7889
07BJ001,55.3226,-115.4046
07BJ003,54.8063,-115.4712
07BK001,55.3065,-114.7546
07BK009,55.2727,-114.7742
07CA006,55.1982,-112.4626
07CA012,55.1732,-111.7209
07CA013,55.0147,-111.8545
07CB002,55.6483,-112.1458
07CD001,56.6902,-111.2543
07CD004,56.7064,-111.3547
07CD005,56.6649,-110.9290
07CE002,55.8393,-110.8633
07CE003,55.8735,-110.9138
07DA001,56.7890,-111.4041
07DA006,57.0068,-111.4123
07DA008,57.1989,-111.5624
07DA018,56.9402,-111.5709
07DB001,57.2146,-111.6962
07DC001,57.6484,-111.1963
07DD001,58.1981,-111.3885
07DD002,58.3634,-111.2459
07FA004,56.1983,-120.8139
07FA005,56.4623,-122.3545
07FB001,55.7231,-121.2125
07FB008,56.0988,-121.3624
07FC001,56.2812,-120.6970
07FD001,55.9643,-120.5624
07FD002,56.1398,-120.6714
07FD003,55.9223,-118.6050
07FD006,55.6477,-118.7048
07FD009,56.3145,-119.6879
07FD010,56.1151,-120.0709
07FD011,56.3397,-118.2631
07GA001,53.9484,-119.1625
07GA002,53.9307,-118.8134
07GB001,54.5227,-118.9709
07GB003,54.4149,-118.5542
07GD001,55.1897,-119.4469
07GD004,55.0817,-119.7040
07GE001,55.0734,-118.8047
07GE003,55.3815,-118.9130
07GF001,55.1395,-118.1883
07GF008,54.4315,-117.7125
07GG001,54.7566,-117.2042
07GG002,54.7316,-117.1625
07GH002,55.4565,-117.1545
07GJ001,55.7148,-117.6220
07HA001,56.2398,-117.3046
07HA003,56.0570,-117.1299
07HA005,56.5226,-117.6726
07HC001,56.9232,-117.6212
07HF001,58.3900,-116.0308
07HF002,57.7481,-117.6294
07JC001,57.0737,-115.0965
07JC003,57.0813,-115.0706
07JD002,57.8818,-115.3873
07JD003,58.1899,-115.7462
07JD004,58.1485,-116.2538
07JF003,58.4732,-116.2708
07JF005,57.9483,-117.4793
07KC001,59.1233,-112.4383
07KE001,58.3227,-113.0628
07NB001,59.8648,-111.5958
07OA001,58.5899,-118.4799
07OB003,59.1483,-117.6295
07OB004,59.5815,-117.1968
07OC001,58.5982,-118.3293
07EA004,56.7318,-125.1134
07EA005,57.1301,-125.2464
07EA007,57.1898,-124.9124
07EB002,56.4801,-123.9377
07EC002,55.9233,-124.5706
07EC003,56.2476,-124.6464
07EC004,56.1309,-124.7963
07ED003,55.4314,-123.6290
07EE007,55.0808,-122.9129
07EE009,54.5307,-122.6117
07EE010,54.9972,-123.0378
07EF004,55.9479,-122.6543
07FA003,56.5142,-122.2466
07FA006,56.2564,-121.6211
07FB002,55.5560,-121.2046
07FB003,55.5405,-121.6207
07FB006,55.0649,-121.0125
07FB009,55.0895,-120.9372
07FC003,56.6816,-121.2207
07FD007,55.8649,-120.0295
07LB002,58.3896,-104.6133
07LE002,59.1565,-105.5375
07MA003,58.3229,-109.8044
07MB001,58.9724,-108.1707
07OB001,60.7395,-115.8464
07OB008,60.0068,-116.9292
07QC005,60.0059,-108.7709
07QC006,59.7985,-108.3128
07QC007,60.4145,-110.6627
07QC008,59.6399,-108.8709
07QD007,60.4645,-111.5138
07RD001,62.8982,-108.4622
07SA002,63.9816,-115.4289
07SA004,64.3896,-115.0128
07SA008,64.2316,-114.9873
07SB002,62.5570,-114.2124
07SB003,62.6734,-114.2457
07SB010,62.4897,-113.5217
07SB013,62.5152,-114.4054
07SC001,62.0552,-113.1540
07SC002,63.0481,-110.4788
07SC004,62.8729,-109.2211
07SC005,62.9482,-110.1626
07TA001,63.1068,-116.9708
07UC001,60.9482,-117.4046
10AA001,60.0568,-128.9041
10AA004,60.2061,-129.5544
10AA005,60.1570,-129.7041
10AB001,60.4733,-129.1125
10AC005,59.1153,-129.8211
10BD001,60.1224,-124.8965
10BE001,59.4068,-126.0957
10BE004,58.8568,-125.3791
10BE007,59.3400,-125.9382
10BE009,59.4569,-126.2289
10BE013,59.5484,-126.4623
10CA001,58.2802,-121.4629
10CB001,57.2398,-122.6877
10CD001,58.7893,-122.6542
10CD003,58.8987,-123.3213
10CD004,58.0318,-122.7208
10CD005,58.1073,-122.7123
10DA001,59.9899,-122.9541
10EA003,61.5230,-125.4046
10EB001,61.6312,-125.8050
10ED001,60.2390,-123.4628
10ED002,61.7399,-121.2129
10ED003,61.3313,-122.0880
10ED007,61.0647,-122.8963
10ED009,61.4232,-121.4465
10FA002,61.1480,-119.8371
10FB001,61.2732,-117.5461
10FB005,61.4482,-121.2380
10FB006,61.8231,-120.7874
10GA001,62.4817,-123.4372
10GB006,62.6568,-122.8970
10GC001,61.8734,-121.3544
10GC003,61.8980,-121.6048
10HA004,64.1399,-128.1964
10HB005,63.9146,-125.2955
10HC008,63.4983,-123.6127
10JA002,65.5982,-117.7540
10JB001,64.5729,-121.7454
10JC003,65.1398,-123.5535
10JD002,65.7311,-124.5794
10KA001,65.2815,-126.8458
10KA007,65.3317,-126.8793
10KA008,65.4479,-127.3713
10KB001,65.2979,-127.6795
10KC001,65.2317,-128.5542
10LA002,66.7897,-133.0877
10LB004,66.5152,-128.8039
10LC003,67.7645,-133.8540
10LC007,68.0902,-133.4792
10LC014,67.4649,-133.7542
10LD004,66.4070,-128.2550
10MA001,65.8983,-136.0373
10MA002,65.3810,-138.2710
10MA003,64.8988,-138.2624
10MC002,67.2566,-134.8875
10MC022,67.6398,-134.6541
Artillery,62.8982,-108.4048
Athabasca,58.7068,-111.1960
Aylmer,64.0648,-107.9459
Basler,63.7815,-116.0958
BSpruceKwe,63.5229,-115.9797
Bistcho,59.7562,-119.1631
Black,59.1482,-105.5380
Blackwater,63.9066,-123.3212
Buffalo,60.3564,-115.2545
Calling,55.2062,-113.2042
Claire,58.6315,-111.7045
ClntnColdn,63.7481,-107.2130
Cree,57.7150,-106.2959
Davy,58.9400,-108.1878
Faber,64.0232,-117.4628
Frnces,61.2314,-129.2794
GBear,65.1399,-123.5046
GSlave,61.2650,-117.4877
Hardisty,64.7647,-117.5130
Hottah,65.2319,-118.2294
Ingray,64.1148,-116.2290
Kakisa,60.9401,-117.4212
Keller,64.0568,-121.5125
LBelot,66.7568,-126.3207
LMartre,63.1321,-117.2626
LSlave,55.4898,-116.0959
Mackay,64.1484,-109.8293
MarianRusl,62.8062,-115.9960
McArthur,61.8230,-107.2210
Nonacho,61.6734,-109.9295
Porter,61.7977,-107.8966
SambaaKe,60.7482,-121.1378
Scott,59.8645,-106.3965
Selwyn,59.8814,-104.2045
Snare,64.2236,-114.6958
Tathlina,60.6647,-117.5298
Tazin,59.8312,-109.4052
Utikuma,55.9317,-115.3878
Williston,56.0233,-122.1962
Winefred,55.5898,-110.5045
PeaceDam,55.9815,-121.9961
junk,-999.9999,-999.9999
junk,-999.9999,-999.9999
From_chu,58.5564,-103.6464
junk,-999.9999,-999.9999
junk,-999.9999,-999.9999
junk,-999.9999,-999.9999
02JC008,47.8912,-79.8771
02JE027,46.0902,-78.8765
02JE028,47.0814,-79.7269
02KA015,46.2825,-78.4851
02KB001,45.8897,-77.3101
02KC009,45.4982,-76.5602
02KC015,45.7984,-77.1021
02KC018,45.8151,-77.1184
02KD002,45.0567,-77.8355
02KD004,45.3233,-77.5105
02KF001,45.0566,-76.2767
02KF005,45.4148,-75.7527
02KF006,45.1737,-76.1182
02KF010,45.0482,-76.3934
02KF011,45.4155,-76.1935
02KF012,45.2485,-76.2519
02KF013,45.1403,-76.6181
02KF016,44.8399,-77.1103
02KF017,44.9737,-76.9601
02KF018,44.9483,-76.4017
02KF019,44.9733,-76.5352
02LA004,45.3732,-75.6934
02LA006,44.9903,-75.6599
02LA007,45.2486,-75.7848
02LA024,44.8985,-76.2515
02LB005,45.5153,-74.9683
02LB007,44.8409,-75.5436
02LB008,45.4233,-75.1518
02LB009,45.1068,-75.2265
02LB018,45.3731,-74.9437
02LB020,45.2237,-75.4099
02LB022,45.1906,-75.1018
02LB032,45.4902,-74.4349
02OT901,46.7069,-79.0929
02OT908,47.7821,-78.3180
02OT906,47.5902,-79.2845
02OT907,47.4153,-80.0099
02OT910,46.1902,-77.6852
02OT912,45.4148,-77.7857
02OT903,47.3066,-76.4599
02OT904,46.7148,-75.9847
02OT916,46.1152,-75.6599
02OT905,47.6153,-77.3098
Timiskamng,46.7151,-79.1027
Kipawa,47.0397,-79.2607
Cabonga,47.3153,-76.4689
Baskatong,46.7237,-75.9857
Dozois,47.6149,-77.3021
Quinze,47.5817,-79.2768
LadyEvelyn,47.4067,-80.0183
Rapid7,47.7733,-78.3102
Mitchinmcs,47.2150,-75.1766
DesJoachms,46.1815,-77.6941
Kiamika,46.6392,-75.1103
BarkLake,45.4151,-77.7942
Paugan,45.8069,-75.9274
LwrNotch,47.1399,-79.4692
Chestervil,45.0988,-75.2348
PoissnBlnc,46.1148,-75.6682
040110,45.7911,-74.0011
040122,46.0494,-74.2425
040129,46.0994,-74.1095
040204,45.7330,-74.6759
040238,46.1161,-74.6011
040406,45.7912,-75.0926
040619,47.1826,-75.1425
040624,46.7826,-75.3178
040627,46.6573,-75.2426
040830,47.0825,-75.7432
040840,46.0826,-76.0596
040841,46.5911,-76.0428
041902,46.3494,-77.8093
042610,47.0408,-79.2678
043003,47.8411,-77.5430
043012,48.3658,-78.8512
043030,47.7325,-76.7093
048603,46.7652,-79.0351
Kipawa,46.7734,-79.0271
Cabonga2W,47.5151,-76.7605
Cabonga2E,47.2985,-76.4522
junk,-999.9999,-999.9999
02JD006,47.8411,-80.4592
02JD010,47.1319,-79.4517
02JD011,47.4662,-79.9842
02JD012,48.0412,-80.7010
02JD057,47.3078,-79.6927
02JE012,46.3746,-78.7174
02JE021,47.0328,-79.5843
02JE053,47.1245,-79.4926
02JE057,46.3159,-78.7427
02KA002,46.1793,-77.6938
02KC052,45.5821,-76.6687
02KD007B,45.4160,-77.7842
02KD054,45.2412,-77.6426
02KD055B,45.3328,-77.5344
02KD056,45.1994,-76.9094
02KE005,45.4078,-76.5010
02KE051,45.2412,-76.7592
02KE052,45.3078,-76.7091
02KE054,45.4162,-76.3426
02KF009,45.4742,-76.2511
02KF052,44.9579,-76.6008
02LA051,44.9246,-75.8341
junk,-999.9999,-999.9999
junk,-999.9999,-999.9999
02AB006,48.5320,-89.5929
02AB008,48.3901,-89.3017
02AB014,48.5238,-89.1683
02AB017,48.2899,-89.8019
02AB021,48.5646,-89.2356
02AB023,48.3237,-89.4102
02AC001,48.8233,-88.5351
02AC002,48.9071,-88.3683
02AD010,49.5981,-87.9601
02AD012,49.1237,-88.3524
02AE001,48.9318,-87.6852
02BA003,48.8483,-86.6027
02BA006,48.8154,-86.8606
02BB003,48.7734,-86.2941
02BB004,48.7066,-85.9016
02BC006,48.1654,-85.7189
02BC008,48.5899,-85.8929
02BF001,47.0068,-84.5103
02BF002,46.8568,-83.9686
02BF014,46.7237,-84.2767
02CA002,46.5653,-84.2769
02CA007,46.5316,-83.7104
02CB003,46.9736,-83.4106
02CC005,46.3981,-83.2769
02CC010,46.5814,-82.9609
02CD001,46.2151,-82.5104
02CD006,46.5151,-82.5941
02CE002,46.2154,-82.0601
02CF007,46.5899,-81.1941
02CF008,46.6146,-81.0192
02CF010,46.5986,-81.3771
02CF011,46.6899,-80.9937
02CF012,46.4319,-81.0935
02CF014,46.8154,-80.9524
02DB005,46.3486,-80.8354
02DC004,46.6399,-80.2518
02DC012,46.9731,-80.4604
02DC013,46.4317,-79.6527
02DD010,46.0238,-80.5684
02DD012,46.4151,-80.1186
02DD015,45.9485,-79.6019
02DD024,46.1735,-79.3019
02DD026,46.0737,-80.2014
02EA005,45.6735,-79.3769
02EA010,45.7066,-79.3104
02EA011,45.7739,-80.4771
02EA018,45.5569,-79.2772
02EB004,45.2073,-79.2685
02EB008,45.1486,-79.1102
02EB011,45.0652,-79.7845
02EB012,45.0235,-79.7680
02EB013,45.3984,-79.1521
02EB014,45.3151,-78.9854
02EC002,44.7152,-79.2768
02EC008,44.2568,-79.3354
02EC009,44.0899,-79.4775
02EC011,44.3904,-79.0601
02EC018,44.2651,-79.1853
02EC019,44.9982,-79.0354
02ED003,44.2493,-79.8187
02ED007,44.6988,-79.6351
02ED013,44.6484,-79.9021
02ED014,44.1984,-79.9525
02ED015,44.3067,-80.0691
02ED024,44.7651,-79.5691
02ED026,44.0234,-79.9684
02ED027,44.4819,-79.9604
02ED029,44.1319,-79.7768
02ED032,44.4648,-79.7856
02ED101,44.1066,-79.8849
02ED102,44.1568,-79.8938
02FA001,44.6736,-81.2435
02FA004,44.5319,-81.1685
02FB007,44.5154,-80.9269
02FB009,44.5151,-80.4606
02FB010,44.5655,-80.6436
02FB012,44.4649,-80.4773
02FB013,44.3405,-80.5353
02FC001,44.4569,-81.3266
02FC002,44.1238,-81.1101
02FC011,44.1073,-81.0106
02FC012,44.0909,-80.9769
02FC015,44.2737,-81.2599
02FC016,44.1901,-80.7769
02FC020,44.0069,-81.2766
02FC021,44.1651,-80.9185
02FD001,44.0985,-81.7097
02FD003,44.1737,-81.6178
02FE002,43.8902,-81.3101
02FE005,43.9151,-81.2513
02FE007,43.8485,-81.2434
02FE008,43.8067,-81.3017
02FE009,43.6816,-81.5353
02FE010,43.6733,-81.0687
02FE011,43.9066,-80.8854
02FE013,43.7151,-81.1184
02FE015,43.7149,-81.6188
02FE016,43.5816,-81.3933
02FF002,43.0737,-81.6512
02FF007,43.5486,-81.5769
02FF008,43.1653,-81.6271
02FF009,43.3653,-81.5016
02FF013,43.1819,-81.4349
02GA003,43.3569,-80.3102
02GA005,43.7152,-80.4352
02GA006,43.5404,-80.5516
02GA010,43.1902,-80.4439
02GA014,43.8656,-80.2684
02GA015,43.5321,-80.2435
02GA016,43.7319,-80.3354
02GA018,43.3817,-80.7101
02GA023,43.5819,-80.5015
02GA028,43.6571,-80.6933
02GA029,43.5485,-80.1768
02GA034,43.5903,-80.4772
02GA038,43.4821,-80.8267
02GA039,43.7815,-80.6269
02GA040,43.6403,-80.2683
02GA047,43.4237,-80.3269
02GA048,43.4154,-80.4102
02GB001,43.1318,-80.2601
02GB006,43.1733,-80.5438
02GB007,43.1489,-80.1516
02GB008,43.1235,-80.3769
02GB010,43.0401,-79.9435
02GC002,42.7815,-81.2103
02GC007,42.6905,-80.5349
02GC008,42.8234,-80.2849
02GC010,42.8568,-80.7182
02GC011,42.9899,-80.4352
02GC017,42.9654,-80.5354
02GC018,42.7483,-81.0521
02GC022,42.8071,-80.0681
02GC026,42.7144,-80.8351
02GC029,42.8398,-81.1268
02GC030,42.7735,-80.9765
02GC031,42.7899,-81.2682
02GD001,42.9735,-81.2019
02GD003,43.0401,-81.1767
02GD004,43.0574,-80.9933
02GD005,43.2569,-81.1429
02GD008,43.0152,-81.2769
02GD009,43.2736,-81.0932
02GD010,43.2233,-81.2349
02GD014,43.4492,-81.2014
02GD015,43.1483,-81.1848
02GD016,43.0483,-80.8767
02GD021,43.2157,-80.6849
02GD027,42.9738,-80.9519
02GE002,42.9649,-81.3262
02GE003,42.5399,-81.9598
02GE005,42.9321,-81.3431
02GE006,42.7318,-81.5681
02GE007,42.3816,-82.0851
02GG002,42.8319,-81.8435
02GG003,42.6486,-82.0014
02GG005,42.9566,-81.6185
02GG006,42.9071,-82.1095
02GG009,42.8152,-82.2933
02GG013,42.7649,-82.2521
02GH002,42.2149,-82.6269
02GH003,42.1569,-83.0182
02HA006,43.1325,-79.3769
02HA007,43.0235,-79.6185
02HA020,43.1153,-79.5602
02HB001,43.8321,-80.0182
02HB004,43.4984,-79.7684
02HB005,43.5151,-79.8766
02HB007,43.2654,-79.9602
02HB008,43.6401,-79.8603
02HB011,43.4404,-79.8604
02HB018,43.7732,-79.9184
02HB022,43.3906,-79.9851
02HB023,43.2818,-80.0433
02HB025,43.6481,-79.8513
02HB029,43.5818,-79.7018
02HC003,43.6981,-79.5181
02HC009,43.7904,-79.5767
02HC018,43.8734,-78.9599
02HC022,43.8569,-79.2269
02HC024,43.6901,-79.3603
02HC025,43.8149,-79.6189
02HC030,43.5987,-79.5519
02HC031,43.7567,-79.6685
02HC047,43.9317,-79.8101
02HC049,43.8485,-79.0513
02HD012,43.9904,-78.3265
02HD019,43.9653,-78.1766
02HE002,44.0234,-77.3599
02HF002,44.7313,-78.8107
02HF003,44.7072,-78.6768
02HJ001,44.3066,-78.3182
02HJ003,44.2984,-78.0436
02HJ006,44.3069,-78.3596
02HK003,44.4815,-77.6768
02HK005,44.8482,-77.9271
02HK006,44.5318,-77.6935
02HK007,44.1318,-77.7852
02HK017,44.3403,-77.6182
02HL001,44.2572,-77.4099
02HL003,44.5403,-77.3681
02HL004,44.5485,-77.3186
02HL005,44.4985,-77.6101
02HL007,44.4899,-77.3185
02HL008,44.4815,-77.2269
02HM002,44.4733,-76.7602
02HM003,44.2067,-77.2014
02HM004,44.2402,-76.8434
02HM005,44.2569,-76.6103
02HM006,44.2237,-76.7517
02HM007,44.3319,-76.8349
02HM010,44.4903,-76.9936
02JC008,47.8912,-79.8771
02JE027,46.0902,-78.8765
02JE028,47.0814,-79.7269
02KA015,46.2825,-78.4851
02KB001,45.8897,-77.3101
02KC009,45.4982,-76.5602
02KC015,45.7984,-77.1021
02KC018,45.8151,-77.1184
02KD002,45.0567,-77.8355
02KD004,45.3233,-77.5105
02KF001,45.0566,-76.2767
02KF005,45.4148,-75.7527
02KF006,45.1737,-76.1182
02KF010,45.0482,-76.3934
02KF011,45.4155,-76.1935
02KF012,45.2485,-76.2519
02KF013,45.1403,-76.6181
02KF016,44.8399,-77.1103
02KF017,44.9737,-76.9601
02KF018,44.9483,-76.4017
02KF019,44.9733,-76.5352
02LA004,45.3732,-75.6934
02LA006,44.9903,-75.6599
02LA007,45.2486,-75.7848
02LA024,44.8985,-76.2515
02LB005,45.5153,-74.9683
02LB007,44.8409,-75.5436
02LB008,45.4233,-75.1518
02LB009,45.1068,-75.2265
02LB018,45.3731,-74.9437
02LB020,45.2237,-75.4099
02LB022,45.1906,-75.1018
02LB032,45.4902,-74.4349
02MB006,44.5235,-75.8018
02MC001,45.1569,-74.6348
02MC026,45.2736,-74.4847
02MC027,45.0818,-74.8686
02MC036,45.3151,-74.6021
02OJ007,45.3988,-73.2513
02OT901,46.7069,-79.0929
02OT908,47.7821,-78.3180
02OT906,47.5902,-79.2845
02OT907,47.4153,-80.0099
02OT910,46.1902,-77.6852
02OT912,45.4148,-77.7857
02OT903,47.3066,-76.4599
02OT904,46.7148,-75.9847
02OT916,46.1152,-75.6599
02OT905,47.6153,-77.3098
Kaministiq,48.4231,-89.6193
WhiteLake,48.6651,-85.7101
LNipissing,46.1321,-80.0024
LMuskoka,45.0149,-79.6113
MusquashR,45.0149,-79.7363
Nipigon,49.3155,-88.3021
Winnebago,44.1904,-88.4355
Simcoe,44.7399,-79.3439
Superior,46.5071,-84.3530
Huron,43.0072,-82.4188
StClair,42.3651,-82.9110
Erie,43.0818,-79.0689
Ontario,45.0063,-74.7940
Timiskamng,46.7151,-79.1027
Kipawa,47.0397,-79.2607
Cabonga,47.3153,-76.4689
Baskatong,46.7237,-75.9857
StFrancois,45.3070,-73.9105
StLMtlQue,47.1400,-70.6941
LacStJean,48.5901,-71.6442
Kenogami,48.3151,-71.2104
Champlain,45.3076,-73.2438
Bartlett,44.2654,-74.2434
LPlacid,44.3064,-73.9776
UnionFls,44.4985,-73.9190
TaylorPd,44.4902,-73.8516
ChazyLake,44.7652,-73.8024
LGeorge,43.8226,-73.4269
Chitenden,43.7318,-72.9101
Waterbury,44.3903,-72.7608
Wrightvle,44.3234,-72.5687
Greenrvr,44.6313,-72.5273
EBarre,44.1899,-72.4192
Marshfield,44.3656,-72.2857
Gouin,48.3737,-74.1237
Dozois,47.6149,-77.3021
Quinze,47.5817,-79.2768
LadyEvelyn,47.4067,-80.0183
Rapid7,47.7733,-78.3102
Mitchinmcs,47.2150,-75.1766
DesJoachms,46.1815,-77.6941
Kiamika,46.6392,-75.1103
BarkLake,45.4151,-77.7942
Paugan,45.8069,-75.9274
LwrNotch,47.1399,-79.4692
Manouane,50.6653,-70.5434
Peribonka,49.9149,-71.2436
Kempt,47.5315,-74.1851
Temagami,46.8656,-80.0349
Rice,44.1569,-78.2264
Panache,46.1735,-81.5266
Dog,48.7151,-89.6183
Seneca,42.8649,-76.9435
Cayuga,42.9401,-76.7354
Oneida,43.2398,-76.1273
Onaman,50.0733,-87.4352
Wanapitei,46.6736,-80.6684
Chestervil,45.0988,-75.2348
FanshaweL,43.0481,-81.1687
LBelwood,43.7404,-80.3271
PoissnBlnc,46.1146,-75.6683
022505,47.6495,-69.5092
022507,47.6159,-69.6428
022513,47.8242,-69.5180
022601,47.5327,-69.8511
022704,47.3825,-69.9513
023004,46.8161,-70.8928
023106,46.8243,-70.7510
023303,46.6909,-71.0680
023401,46.6576,-71.2844
023402,46.5829,-71.2096
023422,46.1660,-70.6344
023427,45.5742,-70.8764
023429,46.0993,-70.6514
023432,46.5411,-71.3343
023448,45.9495,-70.6512
023702,46.5412,-72.0926
024003,46.3079,-71.4508
024014,46.2077,-72.0926
030101,45.7909,-71.9592
030103,46.0579,-72.3007
030106,46.0743,-71.9843
030208,45.4161,-71.8927
030215,45.2911,-71.8927
030220,45.2828,-71.9675
030225,45.9410,-71.2843
030234,45.4661,-71.6509
030278,45.7576,-71.4012
030282,45.5826,-71.3847
030284,45.6574,-71.4680
030298,45.7494,-71.4095
030302,45.2826,-72.9595
030304,45.4992,-72.9011
030309,45.4242,-72.6094
030314,45.2152,-72.7352
030316,45.9493,-72.8511
030345,45.6244,-72.9430
030348,45.5911,-72.6344
030415,45.4909,-73.1844
030421,45.3910,-73.3679
030424,45.1661,-73.0428
030905,45.3328,-73.7593
030907,45.1577,-73.8177
030919,45.0910,-74.1679
030921,45.0910,-73.7512
040110,45.7911,-74.0011
040122,46.0494,-74.2425
040129,46.0994,-74.1095
040204,45.7330,-74.6759
040238,46.1161,-74.6011
040406,45.7912,-75.0926
040619,47.1826,-75.1425
040624,46.7826,-75.3178
040627,46.6573,-75.2426
040830,47.0825,-75.7432
040840,46.0826,-76.0596
040841,46.5911,-76.0428
041902,46.3494,-77.8093
042610,47.0408,-79.2678
043003,47.8411,-77.5430
043012,48.3658,-78.8512
043030,47.7325,-76.7093
046709,45.5655,-73.9681
048603,46.7652,-79.0351
050119,46.6816,-73.9019
050135,47.7660,-72.7344
050144,47.6743,-73.0426
050304,46.5909,-72.4010
050408,46.8576,-71.8761
050409,46.9826,-71.8428
050702,46.7326,-71.8428
050801,46.8911,-71.5263
050807,46.8660,-71.6263
050904,46.8162,-71.3093
051001,46.8994,-71.1509
051005,47.2576,-71.1348
051502,47.6993,-70.2095
052212,46.0410,-73.7011
052219,46.0159,-73.4262
052228,46.3412,-73.6511
052233,45.8492,-73.4842
052401,46.1575,-73.3845
052601,46.2989,-73.0929
052606,46.4409,-73.4513
052805,46.5993,-73.1762
060102,48.0910,-70.0347
060704,48.2076,-70.9929
060901,48.3981,-71.0346
061004,48.3066,-71.1931
061020,48.1826,-71.6427
061022,47.9411,-71.3764
061024,48.2408,-71.2847
061028,48.3076,-71.4429
061029,48.3735,-71.2684
061307,48.3985,-71.7102
061502,48.3744,-72.0010
061602,48.2076,-72.2345
061801,48.8162,-72.0427
061901,48.6909,-72.4842
062102,48.8909,-72.2677
062114,48.9493,-72.1679
062701,48.4911,-70.9761
062803,48.2742,-69.9017
064101,48.5829,-72.3844
02AD009,50.6318,-88.2023
04JD003,49.0571,-87.0688
ChicagoR,-999.9999,-999.9999
CalumetR,-999.9999,-999.9999
ChicDiv3,-999.9999,-999.9999
Kipawa,46.7734,-79.0271
Cabonga2W,47.5151,-76.7605
Cabonga2E,47.2985,-76.4522
Kenogami,48.3653,-71.2767
Chambly,45.4488,-73.2604
junk,-999.9999,-999.9999
02AB004,48.7078,-89.6351
02AB010,48.4155,-89.6266
02AB011,48.6243,-90.0594
02AB013,48.6578,-90.4176
02AD008,49.3078,-88.3093
02AD055,49.1496,-88.3425
02DA051,46.9582,-80.8682
02DB052A,46.6579,-80.6677
02DB053,46.5244,-80.7093
02DB054,46.4818,-80.8105
02DB055,46.2913,-80.8426
02DC003,46.4492,-79.8512
02DC007,46.7660,-79.9760
02DC008,46.6828,-79.9926
02DC052,46.5078,-79.8927
02DD056,46.0580,-79.3924
02DD057,46.0747,-79.3926
02DD058,46.0995,-79.4674
02EB052,44.9910,-79.2675
02EB054,44.9996,-79.2924
02EB060,45.0247,-79.6760
02EC051,44.8911,-79.6672
02FB051,44.3161,-80.5177
02JD006,47.8411,-80.4592
02JD010,47.1319,-79.4517
02JD011,47.4662,-79.9842
02JD012,48.0412,-80.7010
02JD057,47.3078,-79.6927
02JE012,46.3746,-78.7174
02JE021,47.0328,-79.5843
02JE053,47.1245,-79.4926
02JE057,46.3159,-78.7427
02KA002,46.1793,-77.6938
02KC052,45.5821,-76.6687
02KD007B,45.4160,-77.7842
02KD054,45.2412,-77.6426
02KD055B,45.3328,-77.5344
02KD056,45.1994,-76.9094
02KE005,45.4078,-76.5010
02KE051,45.2412,-76.7592
02KE052,45.3078,-76.7091
02KE054,45.4162,-76.3426
02KF009,45.4742,-76.2511
02KF052,44.9579,-76.6008
02LA051,44.9246,-75.8341
02MC054A,45.0077,-74.7842
04024000,46.6991,-92.4182
04024430,46.6323,-92.0931
04027000,46.4824,-90.6849
04027500,46.4990,-90.9017
04031000,46.5152,-90.0678
04032000,46.5405,-89.7677
04040000,46.7233,-89.2022
04041500,46.7233,-88.6602
04045500,46.5734,-85.2672
04056500,46.0402,-86.1512
04057510,45.9405,-86.7013
04058100,46.3148,-87.4933
04059000,45.9156,-87.2099
04059500,45.7568,-87.1929
04060993,45.9652,-88.3097
04062000,46.0067,-88.2599
04062011,45.9492,-88.2093
04062500,46.1163,-88.2182
04063000,45.9576,-88.1847
04063500,45.8743,-88.0764
04064500,45.8490,-88.2186
04065106,45.7729,-87.9766
04065650,45.7736,-87.8346
04065722,45.7401,-87.8595
04066003,45.5905,-87.7766
04066030,45.4823,-87.8016
04066500,45.4990,-87.9924
04066800,45.3911,-87.6930
04067500,45.3238,-87.6600
04067958,45.3821,-88.3011
04069416,45.1481,-87.7924
04069500,45.0481,-87.7433
04071000,44.8658,-88.2935
04071765,44.8653,-87.9767
04073365,43.8487,-89.1345
04073500,43.9576,-88.9431
04074950,45.1901,-88.7344
04078500,44.7234,-88.7263
04079000,44.3985,-88.7358
04080000,44.4155,-88.8596
04081000,44.3318,-88.9930
04084445,44.2486,-88.4183
040851385,44.5243,-88.0103
04085427,44.1072,-87.7094
04086000,43.7489,-87.7427
04086600,43.2820,-87.9430
04087000,43.0984,-87.9012
04087240,42.7487,-87.8186
04096405,42.1073,-85.0760
04097500,41.9402,-85.6266
04099000,41.8075,-85.7514
04099750,41.7486,-85.5764
04100500,41.5899,-85.8428
04101000,41.6903,-85.9778
04101500,41.8241,-86.2528
04101800,41.9155,-86.2096
04102500,42.1907,-86.3596
04103500,42.2653,-84.9592
04105000,42.3325,-85.1428
04105500,42.3238,-85.1926
04106000,42.2819,-85.5095
04108660,42.6483,-86.1024
04111000,42.5318,-84.6348
04112500,42.7321,-84.4685
04113000,42.7482,-84.5431
04114000,42.8070,-84.9016
04114498,42.8321,-84.7594
04115000,43.1150,-84.6936
04116000,42.9816,-85.0597
04117500,42.6156,-85.2266
04118500,43.0823,-85.5928
04119000,42.9648,-85.6770
04119400,43.0235,-86.0183
04121300,44.1989,-85.0342
04121500,43.8981,-85.2605
04121944,43.4312,-85.5848
04121970,43.4402,-85.6685
04122200,43.4647,-86.2270
04122500,43.9482,-86.2682
04124000,44.4405,-85.6927
04124200,44.3735,-85.8090
04125460,44.1898,-85.7596
04125550,44.2648,-85.9348
04133501,45.1234,-83.6265
04136000,44.6821,-84.2848
04136500,44.6654,-84.1265
04136900,44.6151,-83.8354
04137005,44.5649,-83.8022
04137500,44.4320,-83.4268
04142000,44.0737,-84.0098
04146063,43.1573,-83.3428
04147500,43.1151,-83.5099
04148500,43.0402,-83.7678
04151500,43.3320,-83.7434
04154000,43.6317,-84.7013
04155500,43.5656,-84.3594
04156000,43.6073,-84.2349
04157005,43.4238,-83.9513
04159492,43.1491,-82.6181
04161820,42.6072,-83.0178
04164000,42.5817,-82.9432
04164500,42.6319,-82.8848
04165500,42.5984,-82.9017
04166500,42.3738,-83.2518
04172000,42.4740,-83.7931
04174500,42.2907,-83.7265
04176000,41.9066,-83.9765
04176500,41.9566,-83.5271
04178000,41.3976,-84.7932
04180000,41.2235,-85.0680
04180500,41.1654,-85.0762
04180988,40.7074,-84.6432
04181500,40.8483,-84.9265
04182000,40.9909,-85.1017
04183000,41.0907,-85.0263
04184500,41.6570,-84.2431
04185000,41.5071,-84.4266
04186500,40.9568,-84.2595
04188100,40.9905,-84.2182
04188400,41.0401,-83.5678
04189000,41.0571,-83.6849
04189131,41.0151,-83.9179
04189260,41.0153,-84.0429
04191500,41.2401,-84.4017
04192500,41.2906,-84.2768
04193500,41.4985,-83.7099
04195500,41.4574,-83.3512
04195820,41.4980,-83.2264
04196500,40.8569,-83.2513
04196800,40.9238,-83.3429
04197137,41.1155,-83.1757
04198000,41.3151,-83.1519
04199000,41.3071,-82.6020
04199500,41.3811,-82.3177
04200500,41.3822,-82.1017
04201500,41.4071,-81.8843
04206000,41.1322,-81.5351
04206425,41.2817,-81.5598
04208000,41.3902,-81.6183
04209000,41.6407,-81.4015
04212100,41.7148,-81.2270
04213000,41.9237,-80.6016
04213500,42.4658,-78.9264
04218000,43.0821,-78.6093
0422016550,43.2983,-78.3096
04221000,42.1237,-77.9510
04223000,42.5659,-78.0346
04227500,42.7646,-77.8349
04228500,42.9154,-77.7601
04229500,42.9571,-77.5845
04230500,43.0150,-77.7846
04231600,43.1400,-77.6186
04232482,42.6824,-76.9594
04232730,42.9400,-76.7592
0423406130,42.9573,-76.7350
04235000,42.9154,-77.2347
04235440,42.9409,-76.5597
04235600,43.0824,-76.6349
04247000,43.2147,-76.2107
04247055,43.2072,-76.2766
04249000,43.4484,-76.4936
04250200,43.5322,-76.0349
04252500,43.5155,-75.3014
04258000,43.8989,-75.3928
04260500,43.9909,-75.9180
04262000,44.2238,-75.0679
04262500,44.1904,-75.3262
04263000,44.5986,-75.3687
04265432,44.8483,-75.0681
04266500,44.2402,-74.5679
04267500,44.5153,-74.8762
04268000,44.8322,-74.9762
04269000,44.8653,-74.7763
04271500,44.9988,-73.5015
04271815,44.8991,-73.4180
04273700,44.6407,-73.4846
04273800,44.5992,-73.4842
04274000,44.3147,-73.9106
04275500,44.4575,-73.6345
04276500,44.3659,-73.3929
04280000,43.6243,-73.3014
04280450,43.4658,-73.2846
04282000,43.6071,-73.0092
04282500,44.0065,-73.1597
04282525,44.0660,-73.1680
04282650,44.1984,-73.2432
04282780,44.2490,-73.2264
04282795,44.3660,-73.2095
04283500,44.1578,-72.4344
04284751,44.2493,-72.5428
04285500,44.2995,-72.5760
04286000,44.2651,-72.5844
04287000,44.1828,-72.6428
04288000,44.2744,-72.7428
04288040,44.3245,-72.7342
04289000,44.3743,-72.7678
04290500,44.4820,-73.1345
04292000,44.6238,-72.6693
04292201,44.6493,-72.8263
04292500,44.6817,-73.0686
04293000,44.9743,-72.3844
04293500,44.9571,-72.6928
04294000,44.9154,-73.1261
04296000,44.8661,-72.2677
04296280,44.8658,-72.2012
04296500,44.9411,-72.1843
06AA002,54.4735,-112.0099
06AB001,54.4714,-111.1852
06AB002,54.7151,-110.9941
06AD006,54.3568,-110.2113
06AF001,54.5652,-109.8361
06AG002,54.9306,-107.7439
06BA002,55.7144,-109.3967
06BB003,55.9234,-107.7190
06BB005,55.3989,-108.0186
06BD001,56.2487,-106.5609
06CB002,55.3571,-104.5023
06CD002,55.6475,-104.7358
06DA002,58.0071,-101.3940
06DA004,57.5814,-104.1859
06DA005,57.4819,-104.9856
06DC001,57.0904,-103.7035
06DD002,56.1990,-103.1593
06DD003,56.0069,-103.3288
06EA002,55.5316,-102.3277
06EA006,56.1475,-100.4592
06EA011,55.5816,-102.8279
06FA001,57.3059,-97.5939
06FB001,57.2402,-96.8273
06FB002,57.6571,-95.6629
06FC001,56.9483,-95.7451
06FD001,58.1232,-94.6191
06FD002,57.9740,-94.2437
Baldock,56.6398,-98.0439
Besnard,55.5482,-105.7106
BlackBear,55.5897,-105.3768
Churchill,55.7318,-108.2521
Cold,54.5647,-109.8440
Deception,56.6236,-104.3103
Delaronde,54.0816,-107.1272
Dore,54.7067,-107.5772
Frobisher,56.1653,-108.2018
Gauer,57.1151,-97.5854
Granville,56.4985,-100.0190
HighrockMB,55.9816,-100.4768
HighrockSK,57.0569,-105.3605
Kamuchawie,56.3988,-101.9017
Kississing,55.2986,-101.1934
LBrochet,58.5486,-101.4103
LIleCrosse,55.9315,-107.7354
LPlonge,55.1902,-107.5020
LRonge,55.3237,-104.5519
Montreal,54.5402,-105.5936
Nemeiben,55.3149,-105.2101
Nokomis,57.0399,-103.2101
Oliver,56.9982,-103.3021
PeterPond,55.8401,-108.4602
Pinehouse,55.7901,-106.2353
Primrose,54.8485,-109.6936
Rat,56.2484,-99.5518
Reindeer,56.2398,-103.1523
Russell,56.3647,-101.2939
Sisipuk,55.7731,-101.6102
Smoothston,54.7483,-106.7937
Sokatisewn,55.5146,-102.3605
SIndian,57.3647,-98.1433
Turnor,56.6237,-108.4269
UpprFoster,56.7318,-105.3102
Wasekamio,56.7151,-108.6769
Wskaiowaka,56.6067,-96.2520
Wollastn,58.7985,-102.7852
junk,-999.9999,-999.9999
To_mck,-999.9999,-999.9999
06EC002,-999.9999,-999.9999
junk,-999.9999,-999.9999
junk,-999.9999,-999.9999
junk,-999.9999,-999.9999
junk,-999.9999,-999.9999
09AA012,60.1354,-134.8854
09AA013,59.9267,-134.3353
09AC001,60.8522,-135.7189
09AC007,60.7355,-135.4775
09AE003,59.9272,-131.7781
09AE006,60.0189,-132.1439
09AH003,62.5691,-137.0111
09AH004,62.0689,-136.2858
09BA001,62.0021,-132.3859
09BC001,62.8191,-136.5778
09BC004,62.2277,-133.3695
09CA006,62.2106,-139.0444
09CB001,61.9609,-140.5272
09DB001,64.0192,-134.1355
09DD003,63.2944,-139.2528
09EA003,64.0521,-139.4015
09EB003,63.7773,-139.6276
09EB004,63.6861,-140.1605
09FB002,66.4601,-136.6938
09FC001,67.6433,-139.6940
09FD002,67.4267,-140.8853
09AA006,59.5931,-133.8101
09AB001,60.7442,-135.0434
09AD002,60.7855,-133.0683
09AG001,61.8859,-134.8354
09AH001,62.1358,-136.2765
09AH005,62.2109,-134.4017
09BB001,62.9189,-130.5435
09BC002,61.9943,-132.4434
09CA004,61.3437,-139.1432
09CD001,63.0859,-139.4684
09DA001,63.3439,-131.4856
09DD004,63.6022,-137.2684
09EA004,64.0106,-138.5933
09EA005,64.0106,-137.5767
Laberge,61.3856,-135.2181
Teslin,60.4608,-133.2519
Atlin,59.5942,-133.8013
Tagish,60.2768,-134.2605
Kluane,61.4356,-139.0435
Mayo,63.7779,-135.3597
Kusawa,60.6026,-136.1179
Marsh,60.5441,-134.5013
Bennett,60.1691,-134.7179
Schwatka,60.6939,-135.0263
junk,-999.9999,-999.9999
junk,-999.9999,-999.9999
junk,-999.9999,-999.9999
junk,-999.9999,-999.9999
15310002,64.0350,-142.5255
15330000,64.4684,-142.2023
15331000,64.4684,-142.2188
15348000,64.3015,-141.4006
15356000,64.8015,-141.1839
15453500,65.8849,-149.7188
junk,-999.9999,-999.9999
08EB003,55.3071,-127.6698
08EB004,55.4313,-127.7109
08EB005,55.7161,-127.6862
08EC004,54.4064,-125.4274
08EC013,55.4304,-126.6946
08ED001,53.9397,-127.4519
08ED002,54.1229,-127.4199
08EE003,54.3971,-126.7189
08EE004,54.6229,-126.9191
08EE005,54.7813,-127.1364
08EE013,54.3899,-126.6356
08EE020,54.6061,-127.4939
08EF001,54.6309,-128.4271
08EF005,54.4982,-128.3193
Babine,55.3232,-126.6277
Nilkitkwa,55.4149,-126.6776
Morrison,55.1812,-126.3193
Fulton,54.8063,-126.2442
Taltapin,54.3395,-125.3524
Morice,54.1145,-127.4363
Nanika,53.8481,-127.5444
Kidprice,53.9308,-127.4521
Kitsumkalm,54.7314,-128.7854
Lakelse,54.3731,-128.5859
Bear,56.1981,-126.8694
junk,-999.9999,-999.9999
junk,-999.9999,-999.9999
junk,-999.9999,-999.9999
junk,-999.9999,-999.9999
junk,-999.9999,-999.9999